carrier,gmv,orders,repeat_rate,delayed_order_rate
BlueDart,744256154.0,21906,0.6388441293372006,0.31660221291223545
Delhivery,998733561.0,29539,0.6404449503724562,0.37089848820721744
Ekart,739037082.0,21840,0.6396462187601428,0.3632749107432652
InHouse,637978687.0,18709,0.6358194063357446,0.13254552257420804
